id;a;b;c;d;e;f;g;h;i;j;k;l;m;n;o;p;q;r;s;t;u;v;w;x;y;z;aa;ab;ac;ad;ae;af;ag
1;withdrawal Circles;RSS orchid wireless;portals Chicken Steel;Applications;Home Loan Account users;Cayman Islands Dollar Senior;Garden;fresh-thinking quantifying Concrete;deposit synthesize 1080p;AI Cambridgeshire;back-end system;Highway Integration Analyst;transmitter;invoice backing up Security;Marketing Money Market Account Right-sized;reciprocal EXE Credit Card Account;driver bypassing;Triple-buffered Pizza Wooden;Director transmitting;productivity;Reunion Incredible Granite Gloves Tasty Rubber Soap;California;Ergonomic revolutionary programming;Checking Account;generating Money Market Account Rustic;Berkshire efficient Kwacha;non-volatile Architect Berkshire;Chair transmit Springs;withdrawal utilize Buckinghamshire;transmitting multi-byte;Incredible efficient;withdrawal lavender;Plastic Lakes Harbors
2;mission-critical;efficient payment;Outdoors Enterprise-wide;Trail hub expedite;Chad;seamless Soft Investment Account;Rubber Chile;Iceland Krona;port Savings Account Tools;orange invoice redundant;quantifying;cross-platform Home;Ergonomic;Garden Flat Bedfordshire;action-items Small;Frozen tan Auto Loan Account;Computers strategic;Awesome deposit white;Plastic;Intuitive Ergonomic Soft Bike Avon;generating Road India;deposit;parsing New Mexico Hong Kong Dollar;Incredible withdrawal;Manor object-oriented;Ergonomic Frozen Shoes;transmitting;Enterprise-wide;SQL cyan Creative;supply-chains;parse action-items Consultant;Tajikistan;benchmark quantifying
3;IB Public-key;sexy;extensible;Moldova;El Salvador Colon US Dollar;Investor;Ethiopian Birr Hawaii;payment Ferry Facilitator;Director Checking Account;world-class gold Borders;invoice Mouse Investment Account;Alabama Savings Account EXE;Wooden;Supervisor;Borders solid state European Unit of Account 9(E.U.A.-9);Curve;Fish indexing;systemic wireless;grey haptic;Architect Money Market Account bypass;Fantastic Cotton Chair Fantastic;Licensed;Producer circuit Avon;architectures International connect;parsing;indexing incubate Fantastic Rubber Bacon;Concrete;invoice redundant;incremental withdrawal;Christmas Island;Iceland Krona Ergonomic Tasty Fresh Keyboard;driver technologies;program
4;Rubber;Tokelau Senior;purple EXE gold;Metal projection;withdrawal panel compressing;navigate;visionary parsing;portal optimize;Bedfordshire Cambridgeshire Pennsylvania;deposit;Movies;Incredible Metal Chips;Investor Automotive Fresh;solid state back up;Savings Account Bike payment;New Jersey;Cotton;Surinam Dollar Drive Plastic;incubate 24/365;Fantastic;Checking Account;content;context-sensitive New Taiwan Dollar alarm;Creative Persevering Djibouti Franc;Investment Account;Granite Bolivia;transmitter;Square;Legacy Island Unbranded Wooden Pants;Licensed Alabama Virginia;Solutions Sleek Officer;compressing bypassing;Fresh withdrawal Centralized
5;eco-centric;Books EXE Regional;synthesize;Investment Account niches Ridge;Human;back up purple Credit Card Account;driver front-end Illinois;backing up interface;Configurable holistic Investment Account;Sleek Functionality;holistic;red Intelligent Cotton Ball;invoice;calculating Generic Ameliorated;groupware Berkshire;Soft Industrial;Borders deposit;Research Gorgeous;24/7 microchip;maximize Designer;Inlet systems;Azerbaijanian Manat;transition Togo;value-added payment Lebanon;aggregate 1080p Pataca;Fresh Vermont Corporate;Skyway withdrawal;Bedfordshire;Djibouti Franc Enhanced;override open-source Bahamas;mobile Handcrafted Fresh Gloves;Liberian Dollar;plum Future turquoise
6;Intranet port SQL;Cambridgeshire;National Utah;Up-sized haptic infomediaries;Israel bypass;Towels;intuitive;Ergonomic Metal Cheese;South Carolina Associate;Avon Rufiyaa;Gardens;circuit next-generation;backing up infrastructures program;Valley reboot;Sausages;magenta;Massachusetts;Fantastic Granite Chair Health Colombia;green Kansas;Silver backing up circuit;connecting standardization;experiences Montana;invoice;Product;Camp Generic Cotton Hat;Principal;Implementation Views;implement Sleek Granite Chair;impactful;TCP Pa'anga;quantifying;Quality Accountability;e-enable
7;reinvent;application parse Montserrat;Industrial;Jewelery;Markets Legacy;Cambridgeshire invoice Virgin Islands, U.S.;Lead;Credit Card Account Sleek invoice;cyan;Shirt;Bedfordshire;ADP;overriding;panel Product out-of-the-box;Refined Fresh Gloves;extranet;Sudan indigo Ethiopia;navigate;Port Convertible Marks Mountain;matrix;e-enable neutral;Fully-configurable magenta;actuating;Solutions Gateway capacitor;engage;Rustic Savings Account;Director secondary;deposit Intelligent;withdrawal Books Burgs;Handcrafted;compress programming Developer;data-warehouse;system communities directional
8;mobile connecting utilize;Unbranded Soft Steel;Kina Lodge AGP;experiences;bandwidth-monitored;Practical Metal Shoes Savings Account Towels;B2C;generate Iceland 1080p;transition;Awesome bluetooth invoice;Metal California Gorgeous;Strategist;Iran;Operations Tasty Wooden Hat Fall;Haiti;Awesome Concrete Ball;Division redundant;Administrator methodologies;array Small Fresh Salad internet solution;web services Tuna;mindshare;Coordinator Table;Branding interfaces;HDD;monetize payment;national Bedfordshire regional;Small haptic;quantifying;Buckinghamshire bus infrastructures;Route;invoice interfaces;AI;Investment Account Fantastic Concrete Hat withdrawal
9;Cambridgeshire Sleek;yellow Taka Mountain;Indiana deposit invoice;haptic;Tools generating Coves;Electronics;Metrics applications;Fresh;Bedfordshire firewall reintermediate;mission-critical;Sports Alley navigate;alarm violet;B2C synergize;connect Branding Representative;olive functionalities;Tasty Wooden Chicken;Avon Uzbekistan Sum Handmade;communities Intelligent Rubber Salad;green;e-markets;revolutionize;Investor Regional;back up;withdrawal action-items;synthesize;Freeway capacity;open system;Representative extensible wireless;Checking Account;SMTP Money Market Account Steel;Berkshire indexing;Turnpike Developer;Home Loan Account
10;Borders matrix Gorgeous;Practical Norwegian Krone;circuit Bacon;Granite;indexing;Director Sports;neutral;Practical;driver functionalities;Facilitator driver Auto Loan Account;withdrawal open-source Brooks;Intelligent Hollow;multi-byte card;Iowa sensor;Cotton;Regional copy;withdrawal;Car Innovative Outdoors;Bedfordshire;Cotton deposit Concrete;Organic override back-end;Cambridgeshire Montana;Brand Bedfordshire clicks-and-mortar;networks Practical salmon;Designer;violet;knowledge base Refined;turn-key open-source granular;Operations Unbranded Granite Gloves vortals;Manager CSS Home Loan Account;Small 1080p;hacking eco-centric;integrated Compatible Marshall Islands
